,DATANO,DATACD,DATANM,AREACD,AREANM,time1,time2,time3,time4,time5,Unnamed: 10,Unnamed: 11,Unnamed: 12,Unnamed: 13,Unnamed: 14,Unnamed: 15,Unnamed: 16,Unnamed: 17,Unnamed: 18,Unnamed: 19,Unnamed: 20,Unnamed: 21,Unnamed: 22,Unnamed: 23,Unnamed: 24,Unnamed: 25,Unnamed: 26,Unnamed: 27,Unnamed: 28,Unnamed: 29,Unnamed: 30,RGN21CD,RGN21NM
11,4.0,data4,Physical health conditions,E06000001,Hartlepool,107.9483,110.5326,111.0331,110.1281,108.8449,,,,,,,,,,,,,,,,,,,,,,E12000001,North East
25,4.0,data4,Physical health conditions,E06000002,Middlesbrough,102.228,104.5798,105.154,103.4681,104.7896,,,,,,,,,,,,,,,,,,,,,,E12000001,North East
39,4.0,data4,Physical health conditions,E06000003,Redcar and Cleveland,103.6046,104.7636,104.7431,105.7229,104.7619,,,,,,,,,,,,,,,,,,,,,,E12000001,North East
53,4.0,data4,Physical health conditions,E06000004,Stockton-on-Tees,99.43332,100.1643,100.2005,100.0674,99.16964,,,,,,,,,,,,,,,,,,,,,,E12000001,North East
67,4.0,data4,Physical health conditions,E06000005,Darlington,107.3435,109.3685,110.5975,110.0255,110.1847,,,,,,,,,,,,,,,,,,,,,,E12000001,North East
81,4.0,data4,Physical health conditions,E06000006,Halton,103.1479,104.819,106.121,106.409,105.1754,,,,,,,,,,,,,,,,,,,,,,E12000002,North West
95,4.0,data4,Physical health conditions,E06000007,Warrington,99.06816,100.0287,101.1952,100.527,100.3458,,,,,,,,,,,,,,,,,,,,,,E12000002,North West
109,4.0,data4,Physical health conditions,E06000008,Blackburn with Darwen,101.5977,105.3502,101.2622,104.7609,103.1774,,,,,,,,,,,,,,,,,,,,,,E12000002,North West
123,4.0,data4,Physical health conditions,E06000009,Blackpool,97.87673,99.43084,100.7985,101.2414,100.5036,,,,,,,,,,,,,,,,,,,,,,E12000002,North West
137,4.0,data4,Physical health conditions,E06000010,"Kingston upon Hull, City of",94.98973,95.55684,95.37166,95.34732,95.69389,,,,,,,,,,,,,,,,,,,,,,E12000003,Yorkshire and The Humber
151,4.0,data4,Physical health conditions,E06000011,East Riding of Yorkshire,90.95598,91.87594,92.90269,92.16579,91.49242,,,,,,,,,,,,,,,,,,,,,,E12000003,Yorkshire and The Humber
165,4.0,data4,Physical health conditions,E06000012,North East Lincolnshire,100.5013,101.3407,103.3004,102.8705,104.2249,,,,,,,,,,,,,,,,,,,,,,E12000003,Yorkshire and The Humber
179,4.0,data4,Physical health conditions,E06000013,North Lincolnshire,101.0603,102.4341,102.8719,101.7926,100.8168,,,,,,,,,,,,,,,,,,,,,,E12000003,Yorkshire and The Humber
193,4.0,data4,Physical health conditions,E06000014,York,102.4508,104.5735,102.1715,99.75156,100.4503,,,,,,,,,,,,,,,,,,,,,,E12000003,Yorkshire and The Humber
207,4.0,data4,Physical health conditions,E06000015,Derby,94.49159,97.21302,95.15377,95.97808,95.75288,,,,,,,,,,,,,,,,,,,,,,E12000004,East Midlands
221,4.0,data4,Physical health conditions,E06000016,Leicester,93.26424,94.24326,92.80026,93.1442,93.29288,,,,,,,,,,,,,,,,,,,,,,E12000004,East Midlands
235,4.0,data4,Physical health conditions,E06000017,Rutland,123.9197,126.8384,126.1841,126.0859,126.3572,,,,,,,,,,,,,,,,,,,,,,E12000004,East Midlands
249,4.0,data4,Physical health conditions,E06000018,Nottingham,94.11218,94.83397,94.31633,93.53131,93.59619,,,,,,,,,,,,,,,,,,,,,,E12000004,East Midlands
263,4.0,data4,Physical health conditions,E06000019,"Herefordshire, County of",102.2767,101.7665,102.5281,101.5357,101.648,,,,,,,,,,,,,,,,,,,,,,E12000005,West Midlands
277,4.0,data4,Physical health conditions,E06000020,Telford and Wrekin,101.7489,102.5981,102.5273,105.2202,103.2671,,,,,,,,,,,,,,,,,,,,,,E12000005,West Midlands
291,4.0,data4,Physical health conditions,E06000021,Stoke-on-Trent,93.58505,93.59061,93.97486,95.15108,93.96397,,,,,,,,,,,,,,,,,,,,,,E12000005,West Midlands
305,4.0,data4,Physical health conditions,E06000022,Bath and North East Somerset,102.3078,103.8705,103.0502,103.3767,104.9272,,,,,,,,,,,,,,,,,,,,,,E12000009,South West
319,4.0,data4,Physical health conditions,E06000023,"Bristol, City of",88.35544,89.89343,90.46151,89.04257,89.34155,,,,,,,,,,,,,,,,,,,,,,E12000009,South West
333,4.0,data4,Physical health conditions,E06000024,North Somerset,98.27078,99.45132,98.71132,98.66121,99.50464,,,,,,,,,,,,,,,,,,,,,,E12000009,South West
347,4.0,data4,Physical health conditions,E06000025,South Gloucestershire,97.92147,96.60815,98.21369,97.58274,98.27728,,,,,,,,,,,,,,,,,,,,,,E12000009,South West
361,4.0,data4,Physical health conditions,E06000026,Plymouth,96.00922,96.15886,95.63358,96.32613,93.0825,,,,,,,,,,,,,,,,,,,,,,E12000009,South West
375,4.0,data4,Physical health conditions,E06000027,Torbay,103.4272,103.347,102.9432,102.863,102.6215,,,,,,,,,,,,,,,,,,,,,,E12000009,South West
389,4.0,data4,Physical health conditions,E06000030,Swindon,99.13991,101.5502,101.5398,102.1121,100.398,,,,,,,,,,,,,,,,,,,,,,E12000009,South West
403,4.0,data4,Physical health conditions,E06000031,Peterborough,104.0307,103.0314,102.487,102.9324,106.4887,,,,,,,,,,,,,,,,,,,,,,E12000006,East of England
417,4.0,data4,Physical health conditions,E06000032,Luton,101.5694,100.4344,100.7682,99.73912,100.5855,,,,,,,,,,,,,,,,,,,,,,E12000006,East of England
431,4.0,data4,Physical health conditions,E06000033,Southend-on-Sea,102.2779,103.3083,102.9704,101.2869,100.9384,,,,,,,,,,,,,,,,,,,,,,E12000006,East of England
445,4.0,data4,Physical health conditions,E06000034,Thurrock,104.8001,106.0245,105.6793,104.1114,104.8087,,,,,,,,,,,,,,,,,,,,,,E12000006,East of England
459,4.0,data4,Physical health conditions,E06000035,Medway,95.28945,96.80697,95.23074,96.19802,97.06815,,,,,,,,,,,,,,,,,,,,,,E12000008,South East
473,4.0,data4,Physical health conditions,E06000036,Bracknell Forest,110.857,114.0508,113.5852,111.3593,111.8235,,,,,,,,,,,,,,,,,,,,,,E12000008,South East
487,4.0,data4,Physical health conditions,E06000037,West Berkshire,108.7547,108.2318,108.3424,108.5473,105.3242,,,,,,,,,,,,,,,,,,,,,,E12000008,South East
501,4.0,data4,Physical health conditions,E06000038,Reading,104.086,104.8184,103.9738,103.4542,105.1851,,,,,,,,,,,,,,,,,,,,,,E12000008,South East
515,4.0,data4,Physical health conditions,E06000039,Slough,108.4133,110.8946,108.8825,109.6764,108.3284,,,,,,,,,,,,,,,,,,,,,,E12000008,South East
529,4.0,data4,Physical health conditions,E06000040,Windsor and Maidenhead,106.5817,109.5177,106.8733,107.5633,106.4076,,,,,,,,,,,,,,,,,,,,,,E12000008,South East
543,4.0,data4,Physical health conditions,E06000041,Wokingham,109.6893,109.0586,109.3108,109.9792,109.9233,,,,,,,,,,,,,,,,,,,,,,E12000008,South East
557,4.0,data4,Physical health conditions,E06000042,Milton Keynes,98.69003,99.42726,98.27876,99.35497,97.00021,,,,,,,,,,,,,,,,,,,,,,E12000008,South East
571,4.0,data4,Physical health conditions,E06000043,Brighton and Hove,97.24381,97.9381,97.86244,97.54289,98.82295,,,,,,,,,,,,,,,,,,,,,,E12000008,South East
585,4.0,data4,Physical health conditions,E06000044,Portsmouth,100.3682,102.1338,101.5452,101.9351,103.1587,,,,,,,,,,,,,,,,,,,,,,E12000008,South East
599,4.0,data4,Physical health conditions,E06000045,Southampton,97.73648,99.16823,98.42404,98.48275,98.90508,,,,,,,,,,,,,,,,,,,,,,E12000008,South East
613,4.0,data4,Physical health conditions,E06000046,Isle of Wight,103.6705,102.5467,102.3079,102.4271,103.2503,,,,,,,,,,,,,,,,,,,,,,E12000008,South East
627,4.0,data4,Physical health conditions,E06000047,County Durham,81.77535,83.14029,84.12428,83.74575,83.65847,,,,,,,,,,,,,,,,,,,,,,E12000001,North East
641,4.0,data4,Physical health conditions,E06000049,Cheshire East,90.46009,90.88643,90.20201,90.55983,89.26054,,,,,,,,,,,,,,,,,,,,,,E12000002,North West
655,4.0,data4,Physical health conditions,E06000050,Cheshire West and Chester,90.42307,90.89597,91.93845,90.86242,91.48346,,,,,,,,,,,,,,,,,,,,,,E12000002,North West
669,4.0,data4,Physical health conditions,E06000051,Shropshire,93.49784,92.83277,91.9092,92.13045,91.80738,,,,,,,,,,,,,,,,,,,,,,E12000005,West Midlands
683,4.0,data4,Physical health conditions,E06000052,Cornwall,82.5416,82.90276,82.15784,82.44201,83.12312,,,,,,,,,,,,,,,,,,,,,,E12000009,South West
697,4.0,data4,Physical health conditions,E06000054,Wiltshire,88.39168,88.78249,87.32113,89.85929,86.7351,,,,,,,,,,,,,,,,,,,,,,E12000009,South West
711,4.0,data4,Physical health conditions,E06000055,Bedford,104.2491,103.8503,105.0783,104.8437,105.9182,,,,,,,,,,,,,,,,,,,,,,E12000006,East of England
725,4.0,data4,Physical health conditions,E06000056,Central Bedfordshire,98.69312,98.82453,99.90592,99.57179,96.84209,,,,,,,,,,,,,,,,,,,,,,E12000006,East of England
739,4.0,data4,Physical health conditions,E06000057,Northumberland,89.71921,90.11406,90.93159,91.1709,90.71185,,,,,,,,,,,,,,,,,,,,,,E12000001,North East
753,4.0,data4,Physical health conditions,E06000058,"Bournemouth, Christchurch and Poole",87.31637,88.21678,87.5174,88.64527,88.26407,,,,,,,,,,,,,,,,,,,,,,E12000009,South West
767,4.0,data4,Physical health conditions,E06000059,Dorset,90.02055,89.60316,90.40209,89.85218,89.70393,,,,,,,,,,,,,,,,,,,,,,E12000009,South West
781,4.0,data4,Physical health conditions,E06000060,Buckinghamshire,88.11066,87.91569,88.32888,88.77387,87.70952,,,,,,,,,,,,,,,,,,,,,,E12000008,South East
795,4.0,data4,Physical health conditions,E06000061,North Northamptonshire,114.3133,114.018,113.8129,113.1789,112.9417,,,,,,,,,,,,,,,,,,,,,,E12000004,East Midlands
809,4.0,data4,Physical health conditions,E06000062,West Northamptonshire,105.0922,104.5095,105.2863,105.0787,104.5237,,,,,,,,,,,,,,,,,,,,,,E12000004,East Midlands
823,4.0,data4,Physical health conditions,E07000008,Cambridge,110.9868,109.8205,109.4278,111.9384,108.6076,,,,,,,,,,,,,,,,,,,,,,E12000006,East of England
837,4.0,data4,Physical health conditions,E07000009,East Cambridgeshire,116.2167,115.2991,114.9564,116.6631,114.1922,,,,,,,,,,,,,,,,,,,,,,E12000006,East of England
851,4.0,data4,Physical health conditions,E07000010,Fenland,107.4458,109.3674,105.9365,108.8502,108.1885,,,,,,,,,,,,,,,,,,,,,,E12000006,East of England
865,4.0,data4,Physical health conditions,E07000011,Huntingdonshire,103.717,103.834,103.8065,103.3717,102.7896,,,,,,,,,,,,,,,,,,,,,,E12000006,East of England
879,4.0,data4,Physical health conditions,E07000012,South Cambridgeshire,113.2171,110.8289,112.3086,109.4513,110.4449,,,,,,,,,,,,,,,,,,,,,,E12000006,East of England
893,4.0,data4,Physical health conditions,E07000026,Allerdale,110.1791,111.9881,110.5898,110.0992,111.298,,,,,,,,,,,,,,,,,,,,,,E12000002,North West
907,4.0,data4,Physical health conditions,E07000027,Barrow-in-Furness,112.0928,112.4326,113.1112,114.8184,114.6206,,,,,,,,,,,,,,,,,,,,,,E12000002,North West
921,4.0,data4,Physical health conditions,E07000028,Carlisle,106.9507,108.9503,111.1767,109.1891,107.6153,,,,,,,,,,,,,,,,,,,,,,E12000002,North West
935,4.0,data4,Physical health conditions,E07000029,Copeland,115.4745,113.4529,113.6793,113.2681,117.6632,,,,,,,,,,,,,,,,,,,,,,E12000002,North West
949,4.0,data4,Physical health conditions,E07000030,Eden,122.3611,120.6364,121.7078,122.8291,122.6596,,,,,,,,,,,,,,,,,,,,,,E12000002,North West
963,4.0,data4,Physical health conditions,E07000031,South Lakeland,108.0857,108.9069,109.4175,108.7725,108.7112,,,,,,,,,,,,,,,,,,,,,,E12000002,North West
977,4.0,data4,Physical health conditions,E07000032,Amber Valley,105.2891,106.3746,104.5033,108.4712,106.6135,,,,,,,,,,,,,,,,,,,,,,E12000004,East Midlands
991,4.0,data4,Physical health conditions,E07000033,Bolsover,109.8901,110.4972,112.3221,111.0282,111.76,,,,,,,,,,,,,,,,,,,,,,E12000004,East Midlands
1005,4.0,data4,Physical health conditions,E07000034,Chesterfield,105.8007,109.0582,108.9377,108.5603,107.2939,,,,,,,,,,,,,,,,,,,,,,E12000004,East Midlands
1019,4.0,data4,Physical health conditions,E07000035,Derbyshire Dales,113.9371,114.7021,114.1568,113.7365,113.8654,,,,,,,,,,,,,,,,,,,,,,E12000004,East Midlands
1033,4.0,data4,Physical health conditions,E07000036,Erewash,108.5309,107.2349,108.8414,108.7232,108.6105,,,,,,,,,,,,,,,,,,,,,,E12000004,East Midlands
1047,4.0,data4,Physical health conditions,E07000037,High Peak,111.3806,111.026,112.0371,112.2891,110.4068,,,,,,,,,,,,,,,,,,,,,,E12000004,East Midlands
1061,4.0,data4,Physical health conditions,E07000038,North East Derbyshire,112.7471,113.4378,113.4801,113.5679,112.0423,,,,,,,,,,,,,,,,,,,,,,E12000004,East Midlands
1075,4.0,data4,Physical health conditions,E07000039,South Derbyshire,113.4062,114.0641,114.7567,113.9486,113.8093,,,,,,,,,,,,,,,,,,,,,,E12000004,East Midlands
1089,4.0,data4,Physical health conditions,E07000040,East Devon,106.5226,105.8501,106.7872,105.5392,105.8265,,,,,,,,,,,,,,,,,,,,,,E12000009,South West
1103,4.0,data4,Physical health conditions,E07000041,Exeter,108.8791,108.3134,107.2781,108.7418,107.9951,,,,,,,,,,,,,,,,,,,,,,E12000009,South West
1117,4.0,data4,Physical health conditions,E07000042,Mid Devon,112.7931,114.3152,114.3582,113.6119,112.6235,,,,,,,,,,,,,,,,,,,,,,E12000009,South West
1131,4.0,data4,Physical health conditions,E07000043,North Devon,110.9555,108.6021,107.8606,109.5759,112.0019,,,,,,,,,,,,,,,,,,,,,,E12000009,South West
1145,4.0,data4,Physical health conditions,E07000044,South Hams,116.8652,115.9956,119.9377,115.8826,116.7177,,,,,,,,,,,,,,,,,,,,,,E12000009,South West
1159,4.0,data4,Physical health conditions,E07000045,Teignbridge,106.7877,106.9937,109.1882,108.5836,106.1999,,,,,,,,,,,,,,,,,,,,,,E12000009,South West
1173,4.0,data4,Physical health conditions,E07000046,Torridge,116.0955,114.6189,116.1189,113.6261,115.7549,,,,,,,,,,,,,,,,,,,,,,E12000009,South West
1187,4.0,data4,Physical health conditions,E07000047,West Devon,118.7082,121.5845,120.0268,118.9305,120.2299,,,,,,,,,,,,,,,,,,,,,,E12000009,South West
1201,4.0,data4,Physical health conditions,E07000061,Eastbourne,109.7949,110.9859,109.0333,107.5577,109.6131,,,,,,,,,,,,,,,,,,,,,,E12000008,South East
1215,4.0,data4,Physical health conditions,E07000062,Hastings,111.7409,109.629,109.8016,112.9475,110.1422,,,,,,,,,,,,,,,,,,,,,,E12000008,South East
1229,4.0,data4,Physical health conditions,E07000063,Lewes,108.8306,109.7229,109.8377,108.6236,109.5122,,,,,,,,,,,,,,,,,,,,,,E12000008,South East
1243,4.0,data4,Physical health conditions,E07000064,Rother,110.252,111.8493,111.523,112.6321,110.5286,,,,,,,,,,,,,,,,,,,,,,E12000008,South East
1257,4.0,data4,Physical health conditions,E07000065,Wealden,104.229,104.7199,102.8633,104.6989,102.7617,,,,,,,,,,,,,,,,,,,,,,E12000008,South East
1271,4.0,data4,Physical health conditions,E07000066,Basildon,101.7092,101.0293,101.8966,102.0364,101.6323,,,,,,,,,,,,,,,,,,,,,,E12000006,East of England
1285,4.0,data4,Physical health conditions,E07000067,Braintree,106.1546,106.9696,107.2751,106.4159,107.5084,,,,,,,,,,,,,,,,,,,,,,E12000006,East of England
1299,4.0,data4,Physical health conditions,E07000068,Brentwood,115.1542,115.4758,116.8627,116.0392,116.5026,,,,,,,,,,,,,,,,,,,,,,E12000006,East of England
1313,4.0,data4,Physical health conditions,E07000069,Castle Point,110.4532,110.4151,111.8935,112.0508,112.887,,,,,,,,,,,,,,,,,,,,,,E12000006,East of England
1327,4.0,data4,Physical health conditions,E07000070,Chelmsford,103.4862,105.3333,104.5761,103.8734,104.1472,,,,,,,,,,,,,,,,,,,,,,E12000006,East of England
1341,4.0,data4,Physical health conditions,E07000071,Colchester,102.8446,103.5017,105.0886,103.1593,105.5931,,,,,,,,,,,,,,,,,,,,,,E12000006,East of England
1355,4.0,data4,Physical health conditions,E07000072,Epping Forest,110.3618,113.0134,112.8672,111.6851,111.6892,,,,,,,,,,,,,,,,,,,,,,E12000006,East of England
1369,4.0,data4,Physical health conditions,E07000073,Harlow,111.2254,111.7244,113.8207,112.5309,112.0115,,,,,,,,,,,,,,,,,,,,,,E12000006,East of England
1383,4.0,data4,Physical health conditions,E07000074,Maldon,120.81,120.4255,121.105,123.3673,118.7444,,,,,,,,,,,,,,,,,,,,,,E12000006,East of England
1397,4.0,data4,Physical health conditions,E07000075,Rochford,112.4602,115.1223,112.8513,113.6505,115.2832,,,,,,,,,,,,,,,,,,,,,,E12000006,East of England
1411,4.0,data4,Physical health conditions,E07000076,Tendring,101.0758,101.8328,101.7742,101.7657,100.8709,,,,,,,,,,,,,,,,,,,,,,E12000006,East of England
1425,4.0,data4,Physical health conditions,E07000077,Uttlesford,115.1757,117.0011,115.7109,115.0314,116.1428,,,,,,,,,,,,,,,,,,,,,,E12000006,East of England
1439,4.0,data4,Physical health conditions,E07000078,Cheltenham,107.9629,110.2657,110.4099,109.1287,109.9233,,,,,,,,,,,,,,,,,,,,,,E12000009,South West
1453,4.0,data4,Physical health conditions,E07000079,Cotswold,112.3114,112.0829,113.7728,114.2135,114.7505,,,,,,,,,,,,,,,,,,,,,,E12000009,South West
1467,4.0,data4,Physical health conditions,E07000080,Forest of Dean,113.1103,113.8243,115.8751,115.4833,113.0337,,,,,,,,,,,,,,,,,,,,,,E12000009,South West
1481,4.0,data4,Physical health conditions,E07000081,Gloucester,107.3072,106.1932,106.8194,106.7767,108.2606,,,,,,,,,,,,,,,,,,,,,,E12000009,South West
1495,4.0,data4,Physical health conditions,E07000082,Stroud,108.3806,110.3245,108.6897,111.044,109.2887,,,,,,,,,,,,,,,,,,,,,,E12000009,South West
1509,4.0,data4,Physical health conditions,E07000083,Tewkesbury,112.427,115.5092,116.1994,114.5868,114.0911,,,,,,,,,,,,,,,,,,,,,,E12000009,South West
1523,4.0,data4,Physical health conditions,E07000084,Basingstoke and Deane,106.0923,107.5353,105.6073,106.906,108.5675,,,,,,,,,,,,,,,,,,,,,,E12000008,South East
1537,4.0,data4,Physical health conditions,E07000085,East Hampshire,113.2903,110.7296,111.2921,113.6211,112.4334,,,,,,,,,,,,,,,,,,,,,,E12000008,South East
1551,4.0,data4,Physical health conditions,E07000086,Eastleigh,107.8258,107.4967,109.8859,109.0914,110.6467,,,,,,,,,,,,,,,,,,,,,,E12000008,South East
1565,4.0,data4,Physical health conditions,E07000087,Fareham,111.8691,109.5174,109.2666,109.0484,109.1244,,,,,,,,,,,,,,,,,,,,,,E12000008,South East
1579,4.0,data4,Physical health conditions,E07000088,Gosport,112.0156,113.9517,113.7261,113.4088,113.9665,,,,,,,,,,,,,,,,,,,,,,E12000008,South East
1593,4.0,data4,Physical health conditions,E07000089,Hart,113.7151,113.3493,115.8217,111.2869,114.1021,,,,,,,,,,,,,,,,,,,,,,E12000008,South East
1607,4.0,data4,Physical health conditions,E07000090,Havant,105.7549,107.2878,107.3429,105.6067,104.9498,,,,,,,,,,,,,,,,,,,,,,E12000008,South East
1621,4.0,data4,Physical health conditions,E07000091,New Forest,99.66882,100.2499,99.41098,100.3994,100.026,,,,,,,,,,,,,,,,,,,,,,E12000008,South East
1635,4.0,data4,Physical health conditions,E07000092,Rushmoor,114.6484,115.5553,113.5672,112.9483,112.7631,,,,,,,,,,,,,,,,,,,,,,E12000008,South East
1649,4.0,data4,Physical health conditions,E07000093,Test Valley,111.7636,113.1631,114.4291,111.9333,113.0911,,,,,,,,,,,,,,,,,,,,,,E12000008,South East
1663,4.0,data4,Physical health conditions,E07000094,Winchester,113.4287,109.963,110.4563,115.7866,112.5644,,,,,,,,,,,,,,,,,,,,,,E12000008,South East
1677,4.0,data4,Physical health conditions,E07000095,Broxbourne,112.6288,113.6788,113.0986,113.2257,112.0638,,,,,,,,,,,,,,,,,,,,,,E12000006,East of England
1691,4.0,data4,Physical health conditions,E07000096,Dacorum,107.7736,107.7589,105.7375,105.5312,107.3105,,,,,,,,,,,,,,,,,,,,,,E12000006,East of England
1705,4.0,data4,Physical health conditions,E07000098,Hertsmere,110.0105,109.3706,108.0136,108.3428,108.4375,,,,,,,,,,,,,,,,,,,,,,E12000006,East of England
1719,4.0,data4,Physical health conditions,E07000099,North Hertfordshire,109.0276,108.8774,109.3297,108.5647,111.1607,,,,,,,,,,,,,,,,,,,,,,E12000006,East of England
1733,4.0,data4,Physical health conditions,E07000102,Three Rivers,114.9302,115.1427,117.7758,116.4833,114.777,,,,,,,,,,,,,,,,,,,,,,E12000006,East of England
1747,4.0,data4,Physical health conditions,E07000103,Watford,116.1183,118.6104,115.7216,117.1397,116.0887,,,,,,,,,,,,,,,,,,,,,,E12000006,East of England
1761,4.0,data4,Physical health conditions,E07000105,Ashford,109.842,108.584,110.2682,110.0549,109.5802,,,,,,,,,,,,,,,,,,,,,,E12000008,South East
1775,4.0,data4,Physical health conditions,E07000106,Canterbury,100.9559,103.4615,102.7591,104.4749,104.926,,,,,,,,,,,,,,,,,,,,,,E12000008,South East
1789,4.0,data4,Physical health conditions,E07000107,Dartford,110.8943,110.4888,111.5278,111.0245,109.6769,,,,,,,,,,,,,,,,,,,,,,E12000008,South East
1803,4.0,data4,Physical health conditions,E07000108,Dover,107.6073,109.5315,108.4461,107.9009,108.229,,,,,,,,,,,,,,,,,,,,,,E12000008,South East
1817,4.0,data4,Physical health conditions,E07000109,Gravesham,110.3231,113.4076,111.6856,110.7413,111.8835,,,,,,,,,,,,,,,,,,,,,,E12000008,South East
1831,4.0,data4,Physical health conditions,E07000110,Maidstone,105.2631,105.546,106.6138,106.9751,103.0099,,,,,,,,,,,,,,,,,,,,,,E12000008,South East
1845,4.0,data4,Physical health conditions,E07000111,Sevenoaks,111.5384,113.1684,115.2365,115.6343,112.3763,,,,,,,,,,,,,,,,,,,,,,E12000008,South East
1859,4.0,data4,Physical health conditions,E07000112,Folkestone and Hythe,107.7297,107.953,107.2796,107.9823,105.9421,,,,,,,,,,,,,,,,,,,,,,E12000008,South East
1873,4.0,data4,Physical health conditions,E07000113,Swale,105.5837,105.2496,107.6189,106.2665,105.7297,,,,,,,,,,,,,,,,,,,,,,E12000008,South East
1887,4.0,data4,Physical health conditions,E07000114,Thanet,102.6901,104.7451,104.6755,103.5108,103.1691,,,,,,,,,,,,,,,,,,,,,,E12000008,South East
1901,4.0,data4,Physical health conditions,E07000115,Tonbridge and Malling,109.3009,110.7834,108.7193,107.5744,111.2632,,,,,,,,,,,,,,,,,,,,,,E12000008,South East
1915,4.0,data4,Physical health conditions,E07000116,Tunbridge Wells,112.1196,110.681,112.0711,111.7287,110.5598,,,,,,,,,,,,,,,,,,,,,,E12000008,South East
1929,4.0,data4,Physical health conditions,E07000117,Burnley,111.195,109.352,110.9418,110.602,109.2807,,,,,,,,,,,,,,,,,,,,,,E12000002,North West
1943,4.0,data4,Physical health conditions,E07000118,Chorley,109.3545,110.1154,110.6815,109.7283,110.3682,,,,,,,,,,,,,,,,,,,,,,E12000002,North West
1957,4.0,data4,Physical health conditions,E07000119,Fylde,113.1241,116.0626,115.8052,113.3486,114.6571,,,,,,,,,,,,,,,,,,,,,,E12000002,North West
1971,4.0,data4,Physical health conditions,E07000120,Hyndburn,113.4785,114.6312,114.0717,114.2221,113.8572,,,,,,,,,,,,,,,,,,,,,,E12000002,North West
1985,4.0,data4,Physical health conditions,E07000121,Lancaster,104.8923,106.7639,109.9303,106.722,104.9697,,,,,,,,,,,,,,,,,,,,,,E12000002,North West
1999,4.0,data4,Physical health conditions,E07000122,Pendle,111.1897,112.2396,113.3313,113.7655,110.6373,,,,,,,,,,,,,,,,,,,,,,E12000002,North West
2013,4.0,data4,Physical health conditions,E07000123,Preston,107.4049,108.7417,108.0904,107.9522,109.8339,,,,,,,,,,,,,,,,,,,,,,E12000002,North West
2027,4.0,data4,Physical health conditions,E07000124,Ribble Valley,119.1786,120.2379,118.7333,122.2734,121.2069,,,,,,,,,,,,,,,,,,,,,,E12000002,North West
2041,4.0,data4,Physical health conditions,E07000125,Rossendale,116.6071,114.0262,116.6125,116.1659,116.1437,,,,,,,,,,,,,,,,,,,,,,E12000002,North West
2055,4.0,data4,Physical health conditions,E07000126,South Ribble,106.3389,107.2976,108.5065,107.9048,107.0334,,,,,,,,,,,,,,,,,,,,,,E12000002,North West
2069,4.0,data4,Physical health conditions,E07000127,West Lancashire,108.4186,108.4796,109.5941,108.9302,108.0687,,,,,,,,,,,,,,,,,,,,,,E12000002,North West
2083,4.0,data4,Physical health conditions,E07000128,Wyre,106.2864,106.4481,108.1854,106.9996,109.8207,,,,,,,,,,,,,,,,,,,,,,E12000002,North West
2097,4.0,data4,Physical health conditions,E07000129,Blaby,114.9362,112.4927,112.6877,110.8071,112.8638,,,,,,,,,,,,,,,,,,,,,,E12000004,East Midlands
2111,4.0,data4,Physical health conditions,E07000130,Charnwood,103.7218,102.4582,104.2489,103.5627,103.1343,,,,,,,,,,,,,,,,,,,,,,E12000004,East Midlands
2125,4.0,data4,Physical health conditions,E07000131,Harborough,114.568,117.6443,115.0138,115.1958,115.9957,,,,,,,,,,,,,,,,,,,,,,E12000004,East Midlands
2139,4.0,data4,Physical health conditions,E07000132,Hinckley and Bosworth,110.6361,110.8313,110.9839,108.2528,111.4788,,,,,,,,,,,,,,,,,,,,,,E12000004,East Midlands
2153,4.0,data4,Physical health conditions,E07000133,Melton,124.9044,125.4962,120.1677,120.818,120.0242,,,,,,,,,,,,,,,,,,,,,,E12000004,East Midlands
2167,4.0,data4,Physical health conditions,E07000134,North West Leicestershire,110.5528,110.6723,111.1163,110.625,111.9799,,,,,,,,,,,,,,,,,,,,,,E12000004,East Midlands
2181,4.0,data4,Physical health conditions,E07000135,Oadby and Wigston,117.7923,119.8275,121.2118,123.7623,121.5825,,,,,,,,,,,,,,,,,,,,,,E12000004,East Midlands
2195,4.0,data4,Physical health conditions,E07000136,Boston,112.3581,113.4066,113.1157,111.5617,116.2184,,,,,,,,,,,,,,,,,,,,,,E12000004,East Midlands
2209,4.0,data4,Physical health conditions,E07000137,East Lindsey,100.0194,100.2581,100.7917,101.3456,99.06545,,,,,,,,,,,,,,,,,,,,,,E12000004,East Midlands
2223,4.0,data4,Physical health conditions,E07000138,Lincoln,111.2098,111.8734,112.2664,112.5259,109.0365,,,,,,,,,,,,,,,,,,,,,,E12000004,East Midlands
2237,4.0,data4,Physical health conditions,E07000139,North Kesteven,109.4372,111.9655,112.0909,113.4085,111.0681,,,,,,,,,,,,,,,,,,,,,,E12000004,East Midlands
2251,4.0,data4,Physical health conditions,E07000140,South Holland,111.0248,112.835,110.7665,113.7166,110.28,,,,,,,,,,,,,,,,,,,,,,E12000004,East Midlands
2265,4.0,data4,Physical health conditions,E07000141,South Kesteven,104.5817,102.8718,103.1678,105.0249,103.5064,,,,,,,,,,,,,,,,,,,,,,E12000004,East Midlands
2279,4.0,data4,Physical health conditions,E07000142,West Lindsey,111.3018,111.2184,112.2408,113.1956,111.9611,,,,,,,,,,,,,,,,,,,,,,E12000004,East Midlands
2293,4.0,data4,Physical health conditions,E07000143,Breckland,104.184,104.7179,105.5711,106.1477,104.7751,,,,,,,,,,,,,,,,,,,,,,E12000006,East of England
2307,4.0,data4,Physical health conditions,E07000144,Broadland,109.0445,109.2111,110.623,110.6348,107.4759,,,,,,,,,,,,,,,,,,,,,,E12000006,East of England
2321,4.0,data4,Physical health conditions,E07000145,Great Yarmouth,109.7327,107.8274,111.0549,109.1607,108.4587,,,,,,,,,,,,,,,,,,,,,,E12000006,East of England
2335,4.0,data4,Physical health conditions,E07000146,King's Lynn and West Norfolk,103.7879,104.4652,102.4111,103.8495,102.7814,,,,,,,,,,,,,,,,,,,,,,E12000006,East of England
2349,4.0,data4,Physical health conditions,E07000147,North Norfolk,108.1058,105.9987,108.3598,106.5556,106.0003,,,,,,,,,,,,,,,,,,,,,,E12000006,East of England
2363,4.0,data4,Physical health conditions,E07000148,Norwich,103.4701,107.5418,105.8847,105.4715,106.4247,,,,,,,,,,,,,,,,,,,,,,E12000006,East of England
2377,4.0,data4,Physical health conditions,E07000149,South Norfolk,109.8007,110.5089,107.0946,108.3669,109.0853,,,,,,,,,,,,,,,,,,,,,,E12000006,East of England
2391,4.0,data4,Physical health conditions,E07000163,Craven,115.582,116.742,119.6607,125.2076,120.933,,,,,,,,,,,,,,,,,,,,,,E12000003,Yorkshire and The Humber
2405,4.0,data4,Physical health conditions,E07000164,Hambleton,112.7864,113.4446,112.8172,112.2244,113.2514,,,,,,,,,,,,,,,,,,,,,,E12000003,Yorkshire and The Humber
2419,4.0,data4,Physical health conditions,E07000165,Harrogate,104.2545,104.7845,103.4288,104.8624,105.0606,,,,,,,,,,,,,,,,,,,,,,E12000003,Yorkshire and The Humber
2433,4.0,data4,Physical health conditions,E07000166,Richmondshire,122.7168,124.0644,123.5225,122.2278,124.2582,,,,,,,,,,,,,,,,,,,,,,E12000003,Yorkshire and The Humber
2447,4.0,data4,Physical health conditions,E07000167,Ryedale,121.5943,121.371,121.161,121.8194,123.1547,,,,,,,,,,,,,,,,,,,,,,E12000003,Yorkshire and The Humber
2461,4.0,data4,Physical health conditions,E07000168,Scarborough,107.0128,107.1793,105.3091,107.6996,107.0964,,,,,,,,,,,,,,,,,,,,,,E12000003,Yorkshire and The Humber
2475,4.0,data4,Physical health conditions,E07000169,Selby,114.975,114.6915,115.7428,116.598,116.2163,,,,,,,,,,,,,,,,,,,,,,E12000003,Yorkshire and The Humber
2489,4.0,data4,Physical health conditions,E07000170,Ashfield,106.172,106.9351,106.0189,106.0954,107.067,,,,,,,,,,,,,,,,,,,,,,E12000004,East Midlands
2503,4.0,data4,Physical health conditions,E07000171,Bassetlaw,107.7147,107.7618,109.9561,108.0873,108.2874,,,,,,,,,,,,,,,,,,,,,,E12000004,East Midlands
2517,4.0,data4,Physical health conditions,E07000172,Broxtowe,110.1626,109.8821,109.701,108.7509,110.7607,,,,,,,,,,,,,,,,,,,,,,E12000004,East Midlands
2531,4.0,data4,Physical health conditions,E07000173,Gedling,109.9162,108.8894,109.4578,110.933,110.3981,,,,,,,,,,,,,,,,,,,,,,E12000004,East Midlands
2545,4.0,data4,Physical health conditions,E07000174,Mansfield,108.0927,107.9044,107.5544,109.8347,108.5953,,,,,,,,,,,,,,,,,,,,,,E12000004,East Midlands
2559,4.0,data4,Physical health conditions,E07000175,Newark and Sherwood,107.5456,108.6757,107.7997,107.6865,109.3253,,,,,,,,,,,,,,,,,,,,,,E12000004,East Midlands
2573,4.0,data4,Physical health conditions,E07000176,Rushcliffe,112.7394,110.249,110.5832,111.2541,107.4236,,,,,,,,,,,,,,,,,,,,,,E12000004,East Midlands
2587,4.0,data4,Physical health conditions,E07000177,Cherwell,106.8848,108.3501,107.7423,107.2985,104.6215,,,,,,,,,,,,,,,,,,,,,,E12000008,South East
2601,4.0,data4,Physical health conditions,E07000178,Oxford,107.4769,109.4381,109.7906,106.7067,108.7034,,,,,,,,,,,,,,,,,,,,,,E12000008,South East
2615,4.0,data4,Physical health conditions,E07000179,South Oxfordshire,109.605,108.1463,107.7059,108.7074,106.9131,,,,,,,,,,,,,,,,,,,,,,E12000008,South East
2629,4.0,data4,Physical health conditions,E07000180,Vale of White Horse,111.9935,111.1176,111.1279,108.384,111.5074,,,,,,,,,,,,,,,,,,,,,,E12000008,South East
2643,4.0,data4,Physical health conditions,E07000181,West Oxfordshire,112.2546,111.1632,110.0868,111.1994,108.4697,,,,,,,,,,,,,,,,,,,,,,E12000008,South East
2657,4.0,data4,Physical health conditions,E07000187,Mendip,112.1205,111.7461,109.9142,111.3211,109.7427,,,,,,,,,,,,,,,,,,,,,,E12000009,South West
2671,4.0,data4,Physical health conditions,E07000188,Sedgemoor,105.8153,105.7784,106.8153,107.0329,106.6882,,,,,,,,,,,,,,,,,,,,,,E12000009,South West
2685,4.0,data4,Physical health conditions,E07000189,South Somerset,103.1471,102.9837,103.1089,103.6869,102.664,,,,,,,,,,,,,,,,,,,,,,E12000009,South West
2699,4.0,data4,Physical health conditions,E07000192,Cannock Chase,108.0802,107.8626,109.419,108.8308,109.1266,,,,,,,,,,,,,,,,,,,,,,E12000005,West Midlands
2713,4.0,data4,Physical health conditions,E07000193,East Staffordshire,108.2455,107.821,109.286,108.9916,108.9057,,,,,,,,,,,,,,,,,,,,,,E12000005,West Midlands
2727,4.0,data4,Physical health conditions,E07000194,Lichfield,113.4026,114.0504,117.0925,114.522,115.4993,,,,,,,,,,,,,,,,,,,,,,E12000005,West Midlands
2741,4.0,data4,Physical health conditions,E07000195,Newcastle-under-Lyme,104.5706,105.1316,107.2067,105.9467,105.2889,,,,,,,,,,,,,,,,,,,,,,E12000005,West Midlands
2755,4.0,data4,Physical health conditions,E07000196,South Staffordshire,112.166,111.8539,111.086,110.0266,110.0097,,,,,,,,,,,,,,,,,,,,,,E12000005,West Midlands
2769,4.0,data4,Physical health conditions,E07000197,Stafford,106.591,106.7806,106.9435,107.402,106.0377,,,,,,,,,,,,,,,,,,,,,,E12000005,West Midlands
2783,4.0,data4,Physical health conditions,E07000198,Staffordshire Moorlands,109.808,110.1169,109.6701,110.6174,111.2756,,,,,,,,,,,,,,,,,,,,,,E12000005,West Midlands
2797,4.0,data4,Physical health conditions,E07000199,Tamworth,111.5352,111.9691,111.2249,113.6705,111.4646,,,,,,,,,,,,,,,,,,,,,,E12000005,West Midlands
2811,4.0,data4,Physical health conditions,E07000200,Babergh,111.8237,111.3667,112.0351,114.0573,115.1301,,,,,,,,,,,,,,,,,,,,,,E12000006,East of England
2825,4.0,data4,Physical health conditions,E07000202,Ipswich,104.3961,105.9737,104.1555,105.1565,104.7178,,,,,,,,,,,,,,,,,,,,,,E12000006,East of England
2839,4.0,data4,Physical health conditions,E07000203,Mid Suffolk,113.0891,113.1034,112.9322,112.0524,111.5227,,,,,,,,,,,,,,,,,,,,,,E12000006,East of England
2853,4.0,data4,Physical health conditions,E07000207,Elmbridge,109.2841,109.2929,109.8783,109.0907,108.256,,,,,,,,,,,,,,,,,,,,,,E12000008,South East
2867,4.0,data4,Physical health conditions,E07000208,Epsom and Ewell,118.5717,116.5151,113.5618,116.0858,117.1983,,,,,,,,,,,,,,,,,,,,,,E12000008,South East
2881,4.0,data4,Physical health conditions,E07000209,Guildford,110.4719,113.5482,112.2698,112.7583,112.6707,,,,,,,,,,,,,,,,,,,,,,E12000008,South East
2895,4.0,data4,Physical health conditions,E07000210,Mole Valley,115.3858,114.5459,114.3131,113.9293,116.3897,,,,,,,,,,,,,,,,,,,,,,E12000008,South East
2909,4.0,data4,Physical health conditions,E07000211,Reigate and Banstead,109.4795,108.5615,109.909,109.9333,108.5471,,,,,,,,,,,,,,,,,,,,,,E12000008,South East
2923,4.0,data4,Physical health conditions,E07000212,Runnymede,119.0801,117.0204,115.7791,117.1552,116.3682,,,,,,,,,,,,,,,,,,,,,,E12000008,South East
2937,4.0,data4,Physical health conditions,E07000213,Spelthorne,111.6622,113.9234,113.1298,113.9134,113.2041,,,,,,,,,,,,,,,,,,,,,,E12000008,South East
2951,4.0,data4,Physical health conditions,E07000214,Surrey Heath,111.2835,114.1546,114.178,111.1964,116.8327,,,,,,,,,,,,,,,,,,,,,,E12000008,South East
2965,4.0,data4,Physical health conditions,E07000215,Tandridge,114.8001,116.0313,115.1447,116.7949,112.7685,,,,,,,,,,,,,,,,,,,,,,E12000008,South East
2979,4.0,data4,Physical health conditions,E07000216,Waverley,105.9765,109.0446,107.7457,108.2197,108.4132,,,,,,,,,,,,,,,,,,,,,,E12000008,South East
2993,4.0,data4,Physical health conditions,E07000217,Woking,113.4496,114.1133,112.1211,112.4653,112.6159,,,,,,,,,,,,,,,,,,,,,,E12000008,South East
3007,4.0,data4,Physical health conditions,E07000218,North Warwickshire,115.4573,117.1975,119.7096,118.0071,119.4004,,,,,,,,,,,,,,,,,,,,,,E12000005,West Midlands
3021,4.0,data4,Physical health conditions,E07000219,Nuneaton and Bedworth,106.8809,107.965,107.2185,107.5235,107.3385,,,,,,,,,,,,,,,,,,,,,,E12000005,West Midlands
3035,4.0,data4,Physical health conditions,E07000220,Rugby,112.6886,110.7838,110.5264,111.7831,112.2439,,,,,,,,,,,,,,,,,,,,,,E12000005,West Midlands
3049,4.0,data4,Physical health conditions,E07000221,Stratford-on-Avon,105.8157,105.7774,107.9133,107.797,107.1946,,,,,,,,,,,,,,,,,,,,,,E12000005,West Midlands
3063,4.0,data4,Physical health conditions,E07000222,Warwick,108.8506,108.4258,109.3823,108.4141,109.697,,,,,,,,,,,,,,,,,,,,,,E12000005,West Midlands
3077,4.0,data4,Physical health conditions,E07000223,Adur,115.7459,113.5734,116.8786,116.9692,114.0156,,,,,,,,,,,,,,,,,,,,,,E12000008,South East
3091,4.0,data4,Physical health conditions,E07000224,Arun,100.7677,101.7794,103.1444,101.1618,101.126,,,,,,,,,,,,,,,,,,,,,,E12000008,South East
3105,4.0,data4,Physical health conditions,E07000225,Chichester,110.336,110.1837,109.0475,109.5082,109.1458,,,,,,,,,,,,,,,,,,,,,,E12000008,South East
3119,4.0,data4,Physical health conditions,E07000226,Crawley,108.936,109.9895,109.6505,109.0802,108.7445,,,,,,,,,,,,,,,,,,,,,,E12000008,South East
3133,4.0,data4,Physical health conditions,E07000227,Horsham,107.4312,108.5864,107.6941,108.5159,106.7526,,,,,,,,,,,,,,,,,,,,,,E12000008,South East
3147,4.0,data4,Physical health conditions,E07000228,Mid Sussex,105.0065,107.0058,107.8446,106.2657,107.5806,,,,,,,,,,,,,,,,,,,,,,E12000008,South East
3161,4.0,data4,Physical health conditions,E07000229,Worthing,108.8383,107.8935,109.0435,108.3178,107.9257,,,,,,,,,,,,,,,,,,,,,,E12000008,South East
3175,4.0,data4,Physical health conditions,E07000234,Bromsgrove,111.7619,111.6617,113.0761,112.4699,111.7648,,,,,,,,,,,,,,,,,,,,,,E12000005,West Midlands
3189,4.0,data4,Physical health conditions,E07000235,Malvern Hills,117.0924,118.0887,116.7758,117.0731,117.4126,,,,,,,,,,,,,,,,,,,,,,E12000005,West Midlands
3203,4.0,data4,Physical health conditions,E07000236,Redditch,114.0136,114.2258,113.1659,115.1115,112.341,,,,,,,,,,,,,,,,,,,,,,E12000005,West Midlands
3217,4.0,data4,Physical health conditions,E07000237,Worcester,108.9535,110.5292,112.3961,109.2752,108.8429,,,,,,,,,,,,,,,,,,,,,,E12000005,West Midlands
3231,4.0,data4,Physical health conditions,E07000238,Wychavon,108.8604,108.2035,108.0044,110.1004,107.8096,,,,,,,,,,,,,,,,,,,,,,E12000005,West Midlands
3245,4.0,data4,Physical health conditions,E07000239,Wyre Forest,108.2003,110.5543,110.1467,108.9018,109.2987,,,,,,,,,,,,,,,,,,,,,,E12000005,West Midlands
3259,4.0,data4,Physical health conditions,E07000240,St Albans,110.7964,110.4084,108.7103,111.1826,110.6347,,,,,,,,,,,,,,,,,,,,,,E12000006,East of England
3273,4.0,data4,Physical health conditions,E07000241,Welwyn Hatfield,107.9967,110.3746,110.3788,108.0079,109.0621,,,,,,,,,,,,,,,,,,,,,,E12000006,East of England
3287,4.0,data4,Physical health conditions,E07000242,East Hertfordshire,107.9549,110.2687,108.8974,107.5461,109.6017,,,,,,,,,,,,,,,,,,,,,,E12000006,East of England
3301,4.0,data4,Physical health conditions,E07000243,Stevenage,114.3897,114.7638,114.0996,116.3232,115.1377,,,,,,,,,,,,,,,,,,,,,,E12000006,East of England
3315,4.0,data4,Physical health conditions,E07000244,East Suffolk,94.53418,95.73195,94.91809,95.35566,94.73867,,,,,,,,,,,,,,,,,,,,,,E12000006,East of England
3329,4.0,data4,Physical health conditions,E07000245,West Suffolk,101.7281,101.5656,102.0956,103.1038,100.2588,,,,,,,,,,,,,,,,,,,,,,E12000006,East of England
3343,4.0,data4,Physical health conditions,E07000246,Somerset West and Taunton,104.2866,105.6926,104.9316,105.3162,103.0093,,,,,,,,,,,,,,,,,,,,,,E12000009,South West
3357,4.0,data4,Physical health conditions,E08000001,Bolton,93.15403,94.85227,95.4485,94.71867,93.70389,,,,,,,,,,,,,,,,,,,,,,E12000002,North West
3371,4.0,data4,Physical health conditions,E08000002,Bury,100.4276,99.66394,100.9952,100.228,103.6513,,,,,,,,,,,,,,,,,,,,,,E12000002,North West
3385,4.0,data4,Physical health conditions,E08000003,Manchester,84.6632,85.01303,85.8451,86.11038,85.34486,,,,,,,,,,,,,,,,,,,,,,E12000002,North West
3399,4.0,data4,Physical health conditions,E08000004,Oldham,98.97648,98.4522,98.06531,97.91204,97.65707,,,,,,,,,,,,,,,,,,,,,,E12000002,North West
3413,4.0,data4,Physical health conditions,E08000005,Rochdale,97.42892,97.60644,98.20075,97.4302,97.40968,,,,,,,,,,,,,,,,,,,,,,E12000002,North West
3427,4.0,data4,Physical health conditions,E08000006,Salford,95.72743,95.56027,96.83084,97.63655,96.85944,,,,,,,,,,,,,,,,,,,,,,E12000002,North West
3441,4.0,data4,Physical health conditions,E08000007,Stockport,94.63218,94.72972,94.75257,95.23515,93.9233,,,,,,,,,,,,,,,,,,,,,,E12000002,North West
3455,4.0,data4,Physical health conditions,E08000008,Tameside,97.27147,97.54469,99.19308,99.00675,97.82089,,,,,,,,,,,,,,,,,,,,,,E12000002,North West
3469,4.0,data4,Physical health conditions,E08000009,Trafford,99.27754,99.07852,98.48256,97.7045,98.78662,,,,,,,,,,,,,,,,,,,,,,E12000002,North West
3483,4.0,data4,Physical health conditions,E08000010,Wigan,91.72825,91.79033,93.2466,91.43301,92.57049,,,,,,,,,,,,,,,,,,,,,,E12000002,North West
3497,4.0,data4,Physical health conditions,E08000011,Knowsley,101.3256,102.6742,102.8964,100.4363,102.2231,,,,,,,,,,,,,,,,,,,,,,E12000002,North West
3511,4.0,data4,Physical health conditions,E08000012,Liverpool,85.91494,85.98358,83.87871,83.56269,83.97411,,,,,,,,,,,,,,,,,,,,,,E12000002,North West
3525,4.0,data4,Physical health conditions,E08000013,St. Helens,97.39652,99.34461,98.91973,99.83495,97.77032,,,,,,,,,,,,,,,,,,,,,,E12000002,North West
3539,4.0,data4,Physical health conditions,E08000014,Sefton,92.92353,93.0855,93.89045,93.48652,92.90201,,,,,,,,,,,,,,,,,,,,,,E12000002,North West
3553,4.0,data4,Physical health conditions,E08000015,Wirral,90.11929,91.58297,90.48257,90.82819,89.77661,,,,,,,,,,,,,,,,,,,,,,E12000002,North West
3567,4.0,data4,Physical health conditions,E08000016,Barnsley,94.6706,95.64575,96.68245,97.03971,96.71885,,,,,,,,,,,,,,,,,,,,,,E12000003,Yorkshire and The Humber
3581,4.0,data4,Physical health conditions,E08000017,Doncaster,91.72783,91.41367,92.76059,91.68579,92.07716,,,,,,,,,,,,,,,,,,,,,,E12000003,Yorkshire and The Humber
3595,4.0,data4,Physical health conditions,E08000018,Rotherham,95.12011,94.07045,95.98399,96.43551,94.02622,,,,,,,,,,,,,,,,,,,,,,E12000003,Yorkshire and The Humber
3609,4.0,data4,Physical health conditions,E08000019,Sheffield,83.68171,84.88115,85.1502,84.69217,85.41108,,,,,,,,,,,,,,,,,,,,,,E12000003,Yorkshire and The Humber
3623,4.0,data4,Physical health conditions,E08000021,Newcastle upon Tyne,92.5888,95.43244,94.31337,93.61741,92.28988,,,,,,,,,,,,,,,,,,,,,,E12000001,North East
3637,4.0,data4,Physical health conditions,E08000022,North Tyneside,97.53152,99.29242,99.48327,98.18999,99.35616,,,,,,,,,,,,,,,,,,,,,,E12000001,North East
3651,4.0,data4,Physical health conditions,E08000023,South Tyneside,101.2413,101.8454,103.2459,102.0597,101.9045,,,,,,,,,,,,,,,,,,,,,,E12000001,North East
3665,4.0,data4,Physical health conditions,E08000024,Sunderland,90.99698,92.59758,93.18806,92.42393,92.3873,,,,,,,,,,,,,,,,,,,,,,E12000001,North East
3679,4.0,data4,Physical health conditions,E08000025,Birmingham,74.97206,75.26592,76.137,75.48244,75.39399,,,,,,,,,,,,,,,,,,,,,,E12000005,West Midlands
3693,4.0,data4,Physical health conditions,E08000026,Coventry,92.56065,92.07845,91.39939,92.48935,92.11481,,,,,,,,,,,,,,,,,,,,,,E12000005,West Midlands
3707,4.0,data4,Physical health conditions,E08000027,Dudley,92.51894,93.01086,92.7972,92.5106,92.51389,,,,,,,,,,,,,,,,,,,,,,E12000005,West Midlands
3721,4.0,data4,Physical health conditions,E08000028,Sandwell,92.07423,92.22097,91.87409,93.35125,93.66754,,,,,,,,,,,,,,,,,,,,,,E12000005,West Midlands
3735,4.0,data4,Physical health conditions,E08000029,Solihull,98.96146,98.5035,101.8968,99.45088,98.42942,,,,,,,,,,,,,,,,,,,,,,E12000005,West Midlands
3749,4.0,data4,Physical health conditions,E08000030,Walsall,93.20816,94.63941,94.88992,95.77411,94.74241,,,,,,,,,,,,,,,,,,,,,,E12000005,West Midlands
3763,4.0,data4,Physical health conditions,E08000031,Wolverhampton,95.31797,96.519,95.68965,96.67629,96.56176,,,,,,,,,,,,,,,,,,,,,,E12000005,West Midlands
3777,4.0,data4,Physical health conditions,E08000032,Bradford,84.56275,85.25289,86.0591,85.63197,85.10234,,,,,,,,,,,,,,,,,,,,,,E12000003,Yorkshire and The Humber
3791,4.0,data4,Physical health conditions,E08000033,Calderdale,99.12195,100.6485,99.82843,100.116,100.7092,,,,,,,,,,,,,,,,,,,,,,E12000003,Yorkshire and The Humber
3805,4.0,data4,Physical health conditions,E08000034,Kirklees,89.443,89.46195,89.79002,89.06705,89.03622,,,,,,,,,,,,,,,,,,,,,,E12000003,Yorkshire and The Humber
3819,4.0,data4,Physical health conditions,E08000035,Leeds,79.13214,79.4082,79.31676,80.93174,79.56734,,,,,,,,,,,,,,,,,,,,,,E12000003,Yorkshire and The Humber
3833,4.0,data4,Physical health conditions,E08000036,Wakefield,91.02094,91.69313,90.04704,90.86562,90.96519,,,,,,,,,,,,,,,,,,,,,,E12000003,Yorkshire and The Humber
3847,4.0,data4,Physical health conditions,E08000037,Gateshead,97.28926,97.10891,98.60642,97.99632,98.14719,,,,,,,,,,,,,,,,,,,,,,E12000001,North East
3861,4.0,data4,Physical health conditions,E09000002,Barking and Dagenham,102.9066,102.7984,103.9639,102.6829,101.2402,,,,,,,,,,,,,,,,,,,,,,E12000007,London
3875,4.0,data4,Physical health conditions,E09000003,Barnet,92.62469,92.59377,93.24618,92.99312,92.07719,,,,,,,,,,,,,,,,,,,,,,E12000007,London
3889,4.0,data4,Physical health conditions,E09000004,Bexley,99.37852,99.62819,98.92243,100.3851,98.80808,,,,,,,,,,,,,,,,,,,,,,E12000007,London
3903,4.0,data4,Physical health conditions,E09000005,Brent,93.35943,94.23658,94.87737,93.57433,93.53657,,,,,,,,,,,,,,,,,,,,,,E12000007,London
3917,4.0,data4,Physical health conditions,E09000006,Bromley,95.04997,94.64614,95.7726,95.07469,94.19151,,,,,,,,,,,,,,,,,,,,,,E12000007,London
3931,4.0,data4,Physical health conditions,E09000007,Camden,103.2846,103.8331,102.3406,101.9326,101.9625,,,,,,,,,,,,,,,,,,,,,,E12000007,London
3945,4.0,data4,Physical health conditions,E09000008,Croydon,92.35786,92.66495,93.01075,93.34466,92.97032,,,,,,,,,,,,,,,,,,,,,,E12000007,London
3959,4.0,data4,Physical health conditions,E09000009,Ealing,93.71164,92.6764,93.49642,92.47449,92.18879,,,,,,,,,,,,,,,,,,,,,,E12000007,London
3973,4.0,data4,Physical health conditions,E09000010,Enfield,95.52502,96.50955,97.56192,96.61192,95.44993,,,,,,,,,,,,,,,,,,,,,,E12000007,London
3987,4.0,data4,Physical health conditions,E09000011,Greenwich,99.33321,100.424,100.0798,99.06364,100.1299,,,,,,,,,,,,,,,,,,,,,,E12000007,London
4001,4.0,data4,Physical health conditions,E09000012,Hackney,101.2982,101.8139,102.0253,101.7864,101.5911,,,,,,,,,,,,,,,,,,,,,,E12000007,London
4015,4.0,data4,Physical health conditions,E09000013,Hammersmith and Fulham,106.409,105.5738,107.52,106.5341,101.9411,,,,,,,,,,,,,,,,,,,,,,E12000007,London
4029,4.0,data4,Physical health conditions,E09000014,Haringey,99.04086,98.17685,98.56953,99.23668,98.97123,,,,,,,,,,,,,,,,,,,,,,E12000007,London
4043,4.0,data4,Physical health conditions,E09000015,Harrow,100.0191,100.3831,99.16374,98.79498,98.75145,,,,,,,,,,,,,,,,,,,,,,E12000007,London
4057,4.0,data4,Physical health conditions,E09000016,Havering,98.75045,99.03342,99.11481,99.82861,98.76828,,,,,,,,,,,,,,,,,,,,,,E12000007,London
4071,4.0,data4,Physical health conditions,E09000017,Hillingdon,97.67614,98.36643,98.34822,98.31697,98.19183,,,,,,,,,,,,,,,,,,,,,,E12000007,London
4085,4.0,data4,Physical health conditions,E09000018,Hounslow,99.17788,98.73719,100.0469,99.65063,99.55253,,,,,,,,,,,,,,,,,,,,,,E12000007,London
4099,4.0,data4,Physical health conditions,E09000019,Islington,102.2039,104.1747,102.7344,102.3605,101.7352,,,,,,,,,,,,,,,,,,,,,,E12000007,London
4113,4.0,data4,Physical health conditions,E09000020,Kensington and Chelsea,104.743,106.3108,106.1008,103.6674,102.621,,,,,,,,,,,,,,,,,,,,,,E12000007,London
4127,4.0,data4,Physical health conditions,E09000021,Kingston upon Thames,106.9675,105.5237,106.2443,103.9584,106.4968,,,,,,,,,,,,,,,,,,,,,,E12000007,London
4141,4.0,data4,Physical health conditions,E09000022,Lambeth,97.1095,96.00708,98.70661,96.25657,96.21939,,,,,,,,,,,,,,,,,,,,,,E12000007,London
4155,4.0,data4,Physical health conditions,E09000023,Lewisham,99.40337,99.76247,98.23771,99.08028,98.43752,,,,,,,,,,,,,,,,,,,,,,E12000007,London
4169,4.0,data4,Physical health conditions,E09000024,Merton,104.0696,103.3735,102.9347,103.0955,104.2018,,,,,,,,,,,,,,,,,,,,,,E12000007,London
4183,4.0,data4,Physical health conditions,E09000025,Newham,97.2256,96.37988,95.7178,95.51847,94.72278,,,,,,,,,,,,,,,,,,,,,,E12000007,London
4197,4.0,data4,Physical health conditions,E09000026,Redbridge,95.97819,97.09836,97.26421,96.75374,97.18829,,,,,,,,,,,,,,,,,,,,,,E12000007,London
4211,4.0,data4,Physical health conditions,E09000027,Richmond upon Thames,103.0684,104.604,105.0069,103.3136,104.0314,,,,,,,,,,,,,,,,,,,,,,E12000007,London
4225,4.0,data4,Physical health conditions,E09000028,Southwark,100.1018,99.79724,100.5161,96.66275,99.70576,,,,,,,,,,,,,,,,,,,,,,E12000007,London
4239,4.0,data4,Physical health conditions,E09000029,Sutton,102.4782,102.5019,104.2348,102.4936,102.676,,,,,,,,,,,,,,,,,,,,,,E12000007,London
4253,4.0,data4,Physical health conditions,E09000030,Tower Hamlets,100.8313,100.9173,99.88913,99.49339,99.13086,,,,,,,,,,,,,,,,,,,,,,E12000007,London
4267,4.0,data4,Physical health conditions,E09000031,Waltham Forest,98.98933,99.91629,98.27874,99.40789,98.19697,,,,,,,,,,,,,,,,,,,,,,E12000007,London
4281,4.0,data4,Physical health conditions,E09000032,Wandsworth,98.45176,99.79505,98.76176,97.26646,97.58255,,,,,,,,,,,,,,,,,,,,,,E12000007,London
4295,4.0,data4,Physical health conditions,E09000033,Westminster,101.817,102.5563,101.1531,100.6693,100.6321,,,,,,,,,,,,,,,,,,,,,,E12000007,London
